<?xml version="1.0" encoding="UTF-8"?>
<con:soapui-project id="32e4bc27-c324-4f50-a6fb-0000231b8c12" activeEnvironment="Default" name="REST Project 1" soapui-version="5.7.0" abortOnError="false" runType="SEQUENTIAL" resourceRoot="${projectDir}" xmlns:con="http://eviware.com/soapui/config"><con:settings/><con:interface xsi:type="con:RestService" id="fbdc8302-a24f-4fae-9d1e-d9d6b57657a8" wadlVersion="http://wadl.dev.java.net/2009/02" name="https://ecommerceservice.herokuapp.com" type="rest" xmlns:xsi="http://www.w3.org/2001/XMLSchema-instance"><con:settings/><con:definitionCache type="TEXT" rootPart=""/><con:endpoints><con:endpoint>https://ecommerceservice.herokuapp.com</con:endpoint></con:endpoints><con:resource name="Signup" path="/user/signup" id="3266ad20-a8a7-4867-8248-2d1bf42d899c"><con:settings/><con:parameters/><con:method name="Signup 1" id="feaf4f1f-bc9e-44a8-ae95-6de252c89719" method="POST"><con:settings/><con:parameters/><con:representation type="REQUEST"><con:mediaType>application/json</con:mediaType><con:params/></con:representation><con:representation type="RESPONSE"><con:mediaType>application/json; charset=utf-8</con:mediaType><con:status>201</con:status><con:params/><con:element xmlns:sig="https://ecommerceservice.herokuapp.com/user/signup">sig:Response</con:element></con:representation><con:representation type="FAULT"><con:mediaType>application/json; charset=utf-8</con:mediaType><con:status>400</con:status><con:params/><con:element xmlns:sig="https://ecommerceservice.herokuapp.com/user/signup">sig:Fault</con:element></con:representation><con:request name="Signup" id="6ca34076-f393-46a7-88e1-153d35c6b8c9" mediaType="application/json" postQueryString="false"><con:settings><con:setting id="com.eviware.soapui.impl.wsdl.WsdlRequest@request-headers">&lt;xml-fragment/></con:setting></con:settings><con:endpoint>https://ecommerceservice.herokuapp.com</con:endpoint><con:request>{
	"email": "monikareddy@gmail.com",
	"password": "krishna@123"
}
</con:request><con:originalUri>https://ecommerceservice.herokuapp.com/user/signup</con:originalUri><con:credentials><con:authType>No Authorization</con:authType></con:credentials><con:jmsConfig JMSDeliveryMode="PERSISTENT"/><con:jmsPropertyConfig/><con:parameters/></con:request></con:method></con:resource></con:interface><con:interface xsi:type="con:RestService" id="be38854c-60f2-4e22-8227-381c3847c5ac" wadlVersion="http://wadl.dev.java.net/2009/02" name="https://ecommerceservice.herokuapp.com" type="rest" xmlns:xsi="http://www.w3.org/2001/XMLSchema-instance"><con:settings/><con:definitionCache type="TEXT" rootPart=""/><con:endpoints><con:endpoint>https://ecommerceservice.herokuapp.com</con:endpoint></con:endpoints><con:resource name="Login" path="/user/login" id="3c40219d-ce3f-45d7-8604-1d842845a8bb"><con:settings/><con:parameters/><con:method name="Login 1" id="31c3f97a-4626-4410-9788-23b3a08410fb" method="POST"><con:settings/><con:parameters/><con:representation type="REQUEST"><con:mediaType>application/json</con:mediaType><con:params/></con:representation><con:representation type="FAULT"><con:mediaType>application/json; charset=utf-8</con:mediaType><con:status>500 400</con:status><con:params/><con:element xmlns:log="https://ecommerceservice.herokuapp.com/user/login">log:Fault</con:element></con:representation><con:representation type="RESPONSE"><con:mediaType>application/json; charset=utf-8</con:mediaType><con:status>200</con:status><con:params/><con:element xmlns:log="https://ecommerceservice.herokuapp.com/user/login">log:Response</con:element></con:representation><con:request name="Login" id="85ff1cd8-91bf-4249-a658-7f616b8ca2db" mediaType="application/json" postQueryString="false"><con:settings><con:setting id="com.eviware.soapui.impl.wsdl.WsdlRequest@request-headers">&lt;xml-fragment/></con:setting></con:settings><con:endpoint>https://ecommerceservice.herokuapp.com</con:endpoint><con:request>{
	"email": "monikareddy@gmail.com",
	"password": "krishna@123"
}
</con:request><con:originalUri>https://ecommerceservice.herokuapp.com/user/login</con:originalUri><con:credentials><con:authType>No Authorization</con:authType></con:credentials><con:jmsConfig JMSDeliveryMode="PERSISTENT"/><con:jmsPropertyConfig/><con:parameters/></con:request></con:method></con:resource></con:interface><con:interface xsi:type="con:RestService" id="720a78c1-f08e-4386-af98-e1a54b7a3b74" wadlVersion="http://wadl.dev.java.net/2009/02" name="https://ecommerceservice.herokuapp.com" type="rest" xmlns:xsi="http://www.w3.org/2001/XMLSchema-instance"><con:settings/><con:definitionCache type="TEXT" rootPart=""/><con:endpoints><con:endpoint>https://ecommerceservice.herokuapp.com</con:endpoint></con:endpoints><con:resource name="User" path="/user" id="f143d075-0d90-455c-b2ba-647359864227"><con:settings/><con:parameters/><con:method name="Get user" id="8dee7d34-8b62-46cd-9863-93d15914dae5" method="GET"><con:settings/><con:parameters/><con:representation type="FAULT"><con:mediaType>application/json; charset=utf-8</con:mediaType><con:status>500 401</con:status><con:params/><con:element xmlns:user="https://ecommerceservice.herokuapp.com/user">user:Fault</con:element></con:representation><con:representation type="RESPONSE"><con:mediaType>application/json; charset=utf-8</con:mediaType><con:status>200</con:status><con:params/><con:element xmlns:user="https://ecommerceservice.herokuapp.com/user">user:Response</con:element></con:representation><con:request name="getuser" id="c46ccb51-3304-4e6e-8b3a-29b333d30004" mediaType="application/json" postQueryString="false"><con:settings><con:setting id="com.eviware.soapui.impl.wsdl.WsdlRequest@request-headers">&lt;entry key="Authorization" value="Bearer eyJhbGciOiJIUzI1NiIsInR5cCI6IkpXVCJ9.eyJfaWQiOiI2MjI3MGMyYTYyNTk4NDAwMTc0NWJmNmIiLCJpYXQiOjE2NDY3MjYzNDEsImV4cCI6MTY0NjgxMjc0MX0.2SsfWCQsfpa0nTXl6bQzT865LDQs7oCTT5jWarQnEfU" xmlns="http://eviware.com/soapui/config"/></con:setting></con:settings><con:endpoint>https://ecommerceservice.herokuapp.com</con:endpoint><con:request/><con:originalUri>https://ecommerceservice.herokuapp.com/user</con:originalUri><con:credentials><con:authType>No Authorization</con:authType></con:credentials><con:jmsConfig JMSDeliveryMode="PERSISTENT"/><con:jmsPropertyConfig/><con:parameters/></con:request></con:method></con:resource></con:interface><con:interface xsi:type="con:RestService" id="3bb86e09-5611-449e-aaae-2dbbbf70dd5c" wadlVersion="http://wadl.dev.java.net/2009/02" name="https://ecommerceservice.herokuapp.com" type="rest" xmlns:xsi="http://www.w3.org/2001/XMLSchema-instance"><con:settings/><con:definitionCache type="TEXT" rootPart=""/><con:endpoints><con:endpoint>https://ecommerceservice.herokuapp.com</con:endpoint></con:endpoints><con:resource name="Id" path="/user/${#TestSuite#id}" id="a020bb16-e01b-4b0c-b9c0-5c5bf5501ea5"><con:settings/><con:parameters/><con:method name="Delete user by Id" id="5b1f697a-ac8a-4d15-a43c-5b8ea2c47e1b" method="DELETE"><con:settings/><con:parameters/><con:representation type="FAULT"><con:mediaType>application/json; charset=utf-8</con:mediaType><con:status>400 404</con:status><con:params/><con:element xmlns:d74="https://ecommerceservice.herokuapp.com/62270d74625984001745bf80">d74:Fault</con:element></con:representation><con:representation type="REQUEST"><con:mediaType>application/json</con:mediaType><con:params/></con:representation><con:representation type="RESPONSE"><con:mediaType>application/json; charset=utf-8</con:mediaType><con:status>200</con:status><con:params/><con:element xmlns:d74="https://ecommerceservice.herokuapp.com/62270d74625984001745bf80">d74:Response</con:element></con:representation><con:request name="Delete" id="06faa34e-75e2-43d3-8930-aba87e45fc11" mediaType="application/json" postQueryString="false"><con:settings><con:setting id="com.eviware.soapui.impl.wsdl.WsdlRequest@request-headers">&lt;entry key="Authorization" value="Bearer eyJhbGciOiJIUzI1NiIsInR5cCI6IkpXVCJ9.eyJfaWQiOiI2MjI3MGMyYTYyNTk4NDAwMTc0NWJmNmIiLCJpYXQiOjE2NDY3MjYzNDEsImV4cCI6MTY0NjgxMjc0MX0.2SsfWCQsfpa0nTXl6bQzT865LDQs7oCTT5jWarQnEfU" xmlns="http://eviware.com/soapui/config"/></con:setting></con:settings><con:endpoint>https://ecommerceservice.herokuapp.com</con:endpoint><con:request/><con:originalUri>https://ecommerceservice.herokuapp.com/62270d74625984001745bf80</con:originalUri><con:credentials><con:authType>No Authorization</con:authType></con:credentials><con:jmsConfig JMSDeliveryMode="PERSISTENT"/><con:jmsPropertyConfig/><con:parameters/><con:parameterOrder/></con:request></con:method></con:resource></con:interface><con:interface xsi:type="con:RestService" id="36a12627-09b2-438a-bdfd-e213b2d13493" wadlVersion="http://wadl.dev.java.net/2009/02" name="https://ecommerceservice.herokuapp.com" type="rest" xmlns:xsi="http://www.w3.org/2001/XMLSchema-instance"><con:settings/><con:definitionCache/><con:endpoints><con:endpoint>https://ecommerceservice.herokuapp.com</con:endpoint></con:endpoints></con:interface><con:interface xsi:type="con:RestService" id="625d324c-a10b-45e5-86b2-6707c92095af" wadlVersion="http://wadl.dev.java.net/2009/02" name="https://ecommerceservice.herokuapp.com" type="rest" xmlns:xsi="http://www.w3.org/2001/XMLSchema-instance"><con:settings/><con:definitionCache type="TEXT" rootPart=""/><con:endpoints><con:endpoint>https://ecommerceservice.herokuapp.com</con:endpoint></con:endpoints><con:resource name="Products" path="/products" id="48d12a39-f289-45fd-9e94-a7a12a1c6e10"><con:settings/><con:parameters/><con:method name="Getallproduct" id="81517b8c-009b-4711-8168-94d444a95aba" method="GET"><con:settings/><con:parameters/><con:representation type="RESPONSE"><con:mediaType>application/json; charset=utf-8</con:mediaType><con:status>200</con:status><con:params/><con:element xmlns:prod="https://ecommerceservice.herokuapp.com/products">prod:Response</con:element></con:representation><con:representation type="FAULT"><con:mediaType>application/json; charset=utf-8</con:mediaType><con:status>401</con:status><con:params/><con:element xmlns:prod="https://ecommerceservice.herokuapp.com/products">prod:Fault</con:element></con:representation><con:request name="Get All product" id="5087575a-0907-4ad6-ba12-602dff3f5278" mediaType="application/json"><con:settings><con:setting id="com.eviware.soapui.impl.wsdl.WsdlRequest@request-headers">&lt;entry key="Authorization" value="Bearer eyJhbGciOiJIUzI1NiIsInR5cCI6IkpXVCJ9.eyJfaWQiOiI2MjI3MGMyYTYyNTk4NDAwMTc0NWJmNmIiLCJpYXQiOjE2NDY4MDIxNDksImV4cCI6MTY0Njg4ODU0OX0.0LGQDAz_46dsbCpwWd-mlc9smPShXrFJ_X3L4CjVWEE " xmlns="http://eviware.com/soapui/config"/></con:setting></con:settings><con:endpoint>https://ecommerceservice.herokuapp.com</con:endpoint><con:request/><con:originalUri>https://ecommerceservice.herokuapp.com/products</con:originalUri><con:credentials><con:authType>No Authorization</con:authType></con:credentials><con:jmsConfig JMSDeliveryMode="PERSISTENT"/><con:jmsPropertyConfig/><con:parameters/></con:request></con:method></con:resource></con:interface><con:interface xsi:type="con:RestService" id="c014b769-d7ea-44a9-81ad-37cdc2a0c005" wadlVersion="http://wadl.dev.java.net/2009/02" name="https://ecommerceservice.herokuapp.com" type="rest" xmlns:xsi="http://www.w3.org/2001/XMLSchema-instance"><con:settings/><con:definitionCache type="TEXT" rootPart=""/><con:endpoints><con:endpoint>https://ecommerceservice.herokuapp.com</con:endpoint></con:endpoints><con:resource name="Products" path="/products" id="d9c66963-653e-4299-aecd-2328f8a43b90"><con:settings/><con:parameters/><con:method name="Create product" id="ac3e0f08-29ba-4fcf-8447-befe8657a472" method="POST"><con:settings/><con:parameters/><con:representation type="REQUEST"><con:mediaType>application/json</con:mediaType><con:params/></con:representation><con:representation type="FAULT"><con:mediaType>application/json; charset=utf-8</con:mediaType><con:status>400</con:status><con:params/><con:element xmlns:prod="https://ecommerceservice.herokuapp.com/products">prod:Fault</con:element></con:representation><con:representation type="RESPONSE"><con:mediaType>application/json; charset=utf-8</con:mediaType><con:status>200</con:status><con:params/><con:element xmlns:prod="https://ecommerceservice.herokuapp.com/products">prod:Response</con:element></con:representation><con:request name="Create" id="9619a7cb-6651-4f73-9b98-cfb2b2e41331" mediaType="application/json" postQueryString="false"><con:settings><con:setting id="com.eviware.soapui.impl.wsdl.WsdlRequest@request-headers">&lt;entry key="Authorization" value="bearer eyJhbGciOiJIUzI1NiIsInR5cCI6IkpXVCJ9.eyJfaWQiOiI2MjI3MGMyYTYyNTk4NDAwMTc0NWJmNmIiLCJpYXQiOjE2NDY4MDIxNDksImV4cCI6MTY0Njg4ODU0OX0.0LGQDAz_46dsbCpwWd-mlc9smPShXrFJ_X3L4CjVWEE" xmlns="http://eviware.com/soapui/config"/></con:setting></con:settings><con:endpoint>https://ecommerceservice.herokuapp.com</con:endpoint><con:request>{
	"name": "iphone",
	"price": 25000
}
</con:request><con:originalUri>https://ecommerceservice.herokuapp.com/products</con:originalUri><con:credentials><con:authType>No Authorization</con:authType></con:credentials><con:jmsConfig JMSDeliveryMode="PERSISTENT"/><con:jmsPropertyConfig/><con:parameters/></con:request></con:method></con:resource></con:interface><con:interface xsi:type="con:RestService" id="18f034d8-53e1-41a7-911a-b488ab63f2dc" wadlVersion="http://wadl.dev.java.net/2009/02" name="https://ecommerceservice.herokuapp.com" type="rest" xmlns:xsi="http://www.w3.org/2001/XMLSchema-instance"><con:settings/><con:definitionCache type="TEXT" rootPart=""/><con:endpoints><con:endpoint>https://ecommerceservice.herokuapp.com</con:endpoint></con:endpoints><con:resource name="Id" path="/products/${#TestSuite#id}" id="3e85f099-d7a8-44d4-bc05-9c965bd492da"><con:settings/><con:parameters/><con:method name="Get product by Id" id="ff581e8d-72c1-4280-b2ad-3a8250521934" method="GET"><con:settings/><con:parameters/><con:representation type="RESPONSE"><con:mediaType>application/json; charset=utf-8</con:mediaType><con:status>200</con:status><con:params/><con:element xmlns:ecom="https://ecommerceservice.herokuapp.com/">ecom:Response</con:element></con:representation><con:representation type="FAULT"><con:mediaType>application/json; charset=utf-8</con:mediaType><con:status>401 500 400 404</con:status><con:params/><con:element xmlns:ecom="https://ecommerceservice.herokuapp.com/">ecom:Fault</con:element></con:representation><con:request name="Get" id="919d5804-8d4d-4ef5-8b3b-3e5993845c24" mediaType="application/json"><con:settings><con:setting id="com.eviware.soapui.impl.wsdl.WsdlRequest@request-headers">&lt;entry key="Authorization" value="Bearer eyJhbGciOiJIUzI1NiIsInR5cCI6IkpXVCJ9.eyJfaWQiOiI2MjI3MGMyYTYyNTk4NDAwMTc0NWJmNmIiLCJpYXQiOjE2NDY4MDIxNDksImV4cCI6MTY0Njg4ODU0OX0.0LGQDAz_46dsbCpwWd-mlc9smPShXrFJ_X3L4CjVWEE" xmlns="http://eviware.com/soapui/config"/></con:setting></con:settings><con:endpoint>https://ecommerceservice.herokuapp.com</con:endpoint><con:request/><con:originalUri>https://ecommerceservice.herokuapp.com/</con:originalUri><con:credentials><con:authType>No Authorization</con:authType></con:credentials><con:jmsConfig JMSDeliveryMode="PERSISTENT"/><con:jmsPropertyConfig/><con:parameters/><con:parameterOrder/></con:request></con:method></con:resource></con:interface><con:interface xsi:type="con:RestService" id="af20616b-1b38-4176-b633-de052d3542d1" wadlVersion="http://wadl.dev.java.net/2009/02" name="https://ecommerceservice.herokuapp.com" type="rest" xmlns:xsi="http://www.w3.org/2001/XMLSchema-instance"><con:settings/><con:definitionCache type="TEXT" rootPart=""/><con:endpoints><con:endpoint>https://ecommerceservice.herokuapp.com</con:endpoint></con:endpoints><con:resource name="Id" path="/products/${#TestSuite#id1}" id="e8a390c0-b228-46af-83c3-ff7713f6d606"><con:settings/><con:parameters/><con:method name="Update product by Id" id="838777ca-19b2-4f9d-ac9a-b8a62c321ff4" method="PATCH"><con:settings/><con:parameters/><con:representation type="REQUEST"><con:mediaType>application/json</con:mediaType><con:params/></con:representation><con:representation type="FAULT"><con:mediaType>application/json; charset=utf-8</con:mediaType><con:status>404</con:status><con:params/><con:element xmlns:ecom="https://ecommerceservice.herokuapp.com/">ecom:Fault</con:element></con:representation><con:representation type="RESPONSE"><con:mediaType>application/json; charset=utf-8</con:mediaType><con:status>200</con:status><con:params/><con:element xmlns:ecom="https://ecommerceservice.herokuapp.com/">ecom:Response</con:element></con:representation><con:request name="Update" id="d9ace8f7-9ec1-4a04-991a-25c54f99c58f" mediaType="application/json" postQueryString="false"><con:settings><con:setting id="com.eviware.soapui.impl.wsdl.WsdlRequest@request-headers">&lt;entry key="Authorization" value="Bearer eyJhbGciOiJIUzI1NiIsInR5cCI6IkpXVCJ9.eyJfaWQiOiI2MjI3MGMyYTYyNTk4NDAwMTc0NWJmNmIiLCJpYXQiOjE2NDY4MDIxNDksImV4cCI6MTY0Njg4ODU0OX0.0LGQDAz_46dsbCpwWd-mlc9smPShXrFJ_X3L4CjVWEE" xmlns="http://eviware.com/soapui/config"/></con:setting></con:settings><con:endpoint>https://ecommerceservice.herokuapp.com</con:endpoint><con:request> {
	"name": "iphone",
	"price": 25000
}
</con:request><con:originalUri>https://ecommerceservice.herokuapp.com/</con:originalUri><con:credentials><con:authType>No Authorization</con:authType></con:credentials><con:jmsConfig JMSDeliveryMode="PERSISTENT"/><con:jmsPropertyConfig/><con:parameters/><con:parameterOrder/></con:request></con:method></con:resource></con:interface><con:interface xsi:type="con:RestService" id="4e99aef5-009e-4036-8aa5-9ac4dd024c2b" wadlVersion="http://wadl.dev.java.net/2009/02" name="https://ecommerceservice.herokuapp.com" type="rest" xmlns:xsi="http://www.w3.org/2001/XMLSchema-instance"><con:settings/><con:definitionCache type="TEXT" rootPart=""/><con:endpoints><con:endpoint>https://ecommerceservice.herokuapp.com</con:endpoint></con:endpoints><con:resource name="Id" path="/products/${#TestSuite#id1}" id="a4b7b3e4-02ab-4e7e-9bfb-fb94057d7a57"><con:settings/><con:parameters/><con:method name="Delete the product" id="3007eec3-b4a4-403c-a606-376e15ffa27e" method="DELETE"><con:settings/><con:parameters/><con:representation type="REQUEST"><con:mediaType>application/json</con:mediaType><con:params/></con:representation><con:representation type="RESPONSE"><con:mediaType>application/json; charset=utf-8</con:mediaType><con:status>200</con:status><con:params/><con:element xmlns:a97="https://ecommerceservice.herokuapp.com/products/6227a9741fccff0017b3c816">a97:Response</con:element></con:representation><con:representation type="RESPONSE"><con:mediaType xsi:nil="true"/><con:status>0</con:status><con:params/><con:element>data</con:element></con:representation><con:representation type="FAULT"><con:mediaType>application/json; charset=utf-8</con:mediaType><con:status>404</con:status><con:params/><con:element xmlns:a97="https://ecommerceservice.herokuapp.com/products/6227a9741fccff0017b3c816">a97:Fault</con:element></con:representation><con:request name="Delete" id="bc51606c-5581-49d4-ae63-459c585fec22" mediaType="application/json" postQueryString="false"><con:settings><con:setting id="com.eviware.soapui.impl.wsdl.WsdlRequest@request-headers">&lt;entry key="Authorization" value="Bearer eyJhbGciOiJIUzI1NiIsInR5cCI6IkpXVCJ9.eyJfaWQiOiI2MjI3MGMyYTYyNTk4NDAwMTc0NWJmNmIiLCJpYXQiOjE2NDY4MDIxNDksImV4cCI6MTY0Njg4ODU0OX0.0LGQDAz_46dsbCpwWd-mlc9smPShXrFJ_X3L4CjVWEE" xmlns="http://eviware.com/soapui/config"/></con:setting></con:settings><con:endpoint>https://ecommerceservice.herokuapp.com</con:endpoint><con:request/><con:originalUri>https://ecommerceservice.herokuapp.com/products/6227a9741fccff0017b3c816</con:originalUri><con:credentials><con:authType>No Authorization</con:authType></con:credentials><con:jmsConfig JMSDeliveryMode="PERSISTENT"/><con:jmsPropertyConfig/><con:parameters/><con:parameterOrder/></con:request></con:method></con:resource></con:interface><con:interface xsi:type="con:RestService" id="1f1f8011-da4f-456f-b727-a976a8067b3e" wadlVersion="http://wadl.dev.java.net/2009/02" name="https://ecommerceservice.herokuapp.com" type="rest" xmlns:xsi="http://www.w3.org/2001/XMLSchema-instance"><con:settings/><con:definitionCache type="TEXT" rootPart=""/><con:endpoints><con:endpoint>https://ecommerceservice.herokuapp.com</con:endpoint></con:endpoints><con:resource name="Orders" path="/orders" id="80026aa8-69a6-49ec-a90a-130a6617c119"><con:settings/><con:parameters/><con:method name="Get all orders" id="4bea346f-3729-4eb1-b673-6a3b36ec5cff" method="GET"><con:settings/><con:parameters/><con:representation type="FAULT"><con:mediaType>application/json; charset=utf-8</con:mediaType><con:status>401</con:status><con:params/><con:element xmlns:ord="https://ecommerceservice.herokuapp.com/orders">ord:Fault</con:element></con:representation><con:representation type="RESPONSE"><con:mediaType>application/json; charset=utf-8</con:mediaType><con:status>200</con:status><con:params/><con:element xmlns:ord="https://ecommerceservice.herokuapp.com/orders">ord:Response</con:element></con:representation><con:request name="Get orders" id="0ae5746b-f2ce-4131-bdd5-af8c7cfbfd6f" mediaType="application/json"><con:settings><con:setting id="com.eviware.soapui.impl.wsdl.WsdlRequest@request-headers">&lt;entry key="Authorization" value="Bearer eyJhbGciOiJIUzI1NiIsInR5cCI6IkpXVCJ9.eyJfaWQiOiI2MjI3MGMyYTYyNTk4NDAwMTc0NWJmNmIiLCJpYXQiOjE2NDY4MDIxNDksImV4cCI6MTY0Njg4ODU0OX0.0LGQDAz_46dsbCpwWd-mlc9smPShXrFJ_X3L4CjVWEE" xmlns="http://eviware.com/soapui/config"/></con:setting></con:settings><con:endpoint>https://ecommerceservice.herokuapp.com</con:endpoint><con:request/><con:originalUri>https://ecommerceservice.herokuapp.com/orders</con:originalUri><con:credentials><con:authType>No Authorization</con:authType></con:credentials><con:jmsConfig JMSDeliveryMode="PERSISTENT"/><con:jmsPropertyConfig/><con:parameters/></con:request></con:method></con:resource></con:interface><con:interface xsi:type="con:RestService" id="d105904d-19c4-4852-b923-e39306b4c4fd" wadlVersion="http://wadl.dev.java.net/2009/02" name="https://ecommerceservice.herokuapp.com" type="rest" xmlns:xsi="http://www.w3.org/2001/XMLSchema-instance"><con:settings/><con:definitionCache type="TEXT" rootPart=""/><con:endpoints><con:endpoint>https://ecommerceservice.herokuapp.com</con:endpoint></con:endpoints><con:resource name="Orders" path="/orders" id="88f780c6-f3b8-4d33-8932-4772c9e2b0aa"><con:settings/><con:parameters/><con:method name="Create orders" id="10f2337a-4160-42b0-958e-a3a4a0135a26" method="POST"><con:settings/><con:parameters/><con:representation type="REQUEST"><con:mediaType>application/json</con:mediaType><con:params/></con:representation><con:representation type="FAULT"><con:mediaType>application/json; charset=utf-8</con:mediaType><con:status>400 404 500</con:status><con:params/><con:element xmlns:ord="https://ecommerceservice.herokuapp.com/orders">ord:Fault</con:element></con:representation><con:representation type="RESPONSE"><con:mediaType>application/json; charset=utf-8</con:mediaType><con:status>201</con:status><con:params/><con:element xmlns:ord="https://ecommerceservice.herokuapp.com/orders">ord:Response</con:element></con:representation><con:request name="create" id="128b7255-d81f-4bda-b87b-f600e01ae0c2" mediaType="application/json" postQueryString="false"><con:settings><con:setting id="com.eviware.soapui.impl.wsdl.WsdlRequest@request-headers">&lt;entry key="Authorization" value="Bearer eyJhbGciOiJIUzI1NiIsInR5cCI6IkpXVCJ9.eyJfaWQiOiI2MjI3MGMyYTYyNTk4NDAwMTc0NWJmNmIiLCJpYXQiOjE2NDY4MDIxNDksImV4cCI6MTY0Njg4ODU0OX0.0LGQDAz_46dsbCpwWd-mlc9smPShXrFJ_X3L4CjVWEE" xmlns="http://eviware.com/soapui/config"/></con:setting></con:settings><con:endpoint>https://ecommerceservice.herokuapp.com</con:endpoint><con:request>{
	"product":"622776f11fccff0017b3c778",
	"quantity": 50
}
</con:request><con:originalUri>https://ecommerceservice.herokuapp.com/orders</con:originalUri><con:credentials><con:authType>No Authorization</con:authType></con:credentials><con:jmsConfig JMSDeliveryMode="PERSISTENT"/><con:jmsPropertyConfig/><con:parameters/></con:request></con:method></con:resource></con:interface><con:interface xsi:type="con:RestService" id="2ff8c1c3-c39a-4d05-aa03-d71a0cec4c87" wadlVersion="http://wadl.dev.java.net/2009/02" name="https://ecommerceservice.herokuapp.com" type="rest" xmlns:xsi="http://www.w3.org/2001/XMLSchema-instance"><con:settings/><con:definitionCache type="TEXT" rootPart=""/><con:endpoints><con:endpoint>https://ecommerceservice.herokuapp.com</con:endpoint></con:endpoints><con:resource name="Id" path="/orders/${#TestSuite#id2}" id="94fe490f-4e8f-425e-98af-656e837cb711"><con:settings/><con:parameters/><con:method name="getorderbyid" id="81660426-f28d-4867-9236-39357b222c8c" method="GET"><con:settings/><con:parameters/><con:representation type="RESPONSE"><con:mediaType>application/json; charset=utf-8</con:mediaType><con:status>200 201</con:status><con:params/><con:element xmlns:ecom="https://ecommerceservice.herokuapp.com/">ecom:Response</con:element></con:representation><con:request name="oderbyid" id="80dcea17-280b-461c-922d-b324a0a8fc7d" mediaType="application/json"><con:settings><con:setting id="com.eviware.soapui.impl.wsdl.WsdlRequest@request-headers">&lt;entry key="Authorization" value="Bearer eyJhbGciOiJIUzI1NiIsInR5cCI6IkpXVCJ9.eyJfaWQiOiI2MjI3MGMyYTYyNTk4NDAwMTc0NWJmNmIiLCJpYXQiOjE2NDY4MDIxNDksImV4cCI6MTY0Njg4ODU0OX0.0LGQDAz_46dsbCpwWd-mlc9smPShXrFJ_X3L4CjVWEE" xmlns="http://eviware.com/soapui/config"/></con:setting></con:settings><con:endpoint>https://ecommerceservice.herokuapp.com</con:endpoint><con:request/><con:originalUri>https://ecommerceservice.herokuapp.com/</con:originalUri><con:credentials><con:authType>No Authorization</con:authType></con:credentials><con:jmsConfig JMSDeliveryMode="PERSISTENT"/><con:jmsPropertyConfig/><con:parameters/><con:parameterOrder/></con:request></con:method></con:resource></con:interface><con:interface xsi:type="con:RestService" id="6501f1bd-8a09-4748-8af1-0fe8e840e965" wadlVersion="http://wadl.dev.java.net/2009/02" name="https://ecommerceservice.herokuapp.com" type="rest" xmlns:xsi="http://www.w3.org/2001/XMLSchema-instance"><con:settings/><con:definitionCache type="TEXT" rootPart=""/><con:endpoints><con:endpoint>https://ecommerceservice.herokuapp.com</con:endpoint></con:endpoints><con:resource name="Id" path="/orders/${#TestSuite#id2}" id="a50ab7f3-892e-4a03-ac81-85b784143834"><con:settings/><con:parameters/><con:method name="update order by id" id="ed5f55ef-24f1-47a5-9f71-0ac9352f072f" method="PATCH"><con:settings/><con:parameters/><con:representation type="REQUEST"><con:mediaType>application/json</con:mediaType><con:params/></con:representation><con:representation type="FAULT"><con:mediaType>application/json; charset=utf-8</con:mediaType><con:status>404</con:status><con:params/><con:element xmlns:ecom="https://ecommerceservice.herokuapp.com/">ecom:Fault</con:element></con:representation><con:representation type="RESPONSE"><con:mediaType>application/json; charset=utf-8</con:mediaType><con:status>200</con:status><con:params/><con:element xmlns:ecom="https://ecommerceservice.herokuapp.com/">ecom:Response</con:element></con:representation><con:request name="update" id="115812aa-d656-4186-ad7a-b369dc5518e0" mediaType="application/json" postQueryString="false"><con:settings><con:setting id="com.eviware.soapui.impl.wsdl.WsdlRequest@request-headers">&lt;entry key="Authorization" value="Bearer eyJhbGciOiJIUzI1NiIsInR5cCI6IkpXVCJ9.eyJfaWQiOiI2MjI3MGMyYTYyNTk4NDAwMTc0NWJmNmIiLCJpYXQiOjE2NDY4MDIxNDksImV4cCI6MTY0Njg4ODU0OX0.0LGQDAz_46dsbCpwWd-mlc9smPShXrFJ_X3L4CjVWEE" xmlns="http://eviware.com/soapui/config"/></con:setting></con:settings><con:endpoint>https://ecommerceservice.herokuapp.com</con:endpoint><con:request>{
	"product":"622776f11fccff0017b3c778",
	"quantity": 50
}
</con:request><con:originalUri>https://ecommerceservice.herokuapp.com/</con:originalUri><con:credentials><con:authType>No Authorization</con:authType></con:credentials><con:jmsConfig JMSDeliveryMode="PERSISTENT"/><con:jmsPropertyConfig/><con:parameters/><con:parameterOrder/></con:request></con:method></con:resource></con:interface><con:interface xsi:type="con:RestService" id="f49cb45d-4ace-4a45-8e2d-6214d9963030" wadlVersion="http://wadl.dev.java.net/2009/02" name="https://ecommerceservice.herokuapp.com" type="rest" xmlns:xsi="http://www.w3.org/2001/XMLSchema-instance"><con:settings/><con:definitionCache type="TEXT" rootPart=""/><con:endpoints><con:endpoint>https://ecommerceservice.herokuapp.com</con:endpoint></con:endpoints><con:resource name="Id" path="/orders/${#TestSuite#id2}" id="155b64b1-3bef-4702-852a-61d8fd32278c"><con:settings/><con:parameters/><con:method name="Delete id" id="c5710d0f-1a8b-4eab-bafb-1ff9536a99c4" method="DELETE"><con:settings/><con:parameters/><con:representation type="RESPONSE"><con:mediaType>application/json; charset=utf-8</con:mediaType><con:status>200</con:status><con:params/><con:element xmlns:f11="https://ecommerceservice.herokuapp.com/orders/622776f11fccff0017b3c778">f11:Response</con:element></con:representation><con:representation type="REQUEST"><con:mediaType>application/json</con:mediaType><con:params/></con:representation><con:representation type="FAULT"><con:mediaType>application/json; charset=utf-8</con:mediaType><con:status>404</con:status><con:params/><con:element xmlns:f11="https://ecommerceservice.herokuapp.com/orders/622776f11fccff0017b3c778">f11:Fault</con:element></con:representation><con:request name="Delete" id="8151c9a5-5312-4efa-ae3a-7d38d364dd8b" mediaType="application/json" postQueryString="false"><con:settings><con:setting id="com.eviware.soapui.impl.wsdl.WsdlRequest@request-headers">&lt;entry key="Authorization" value="Bearer eyJhbGciOiJIUzI1NiIsInR5cCI6IkpXVCJ9.eyJfaWQiOiI2MjI3MGMyYTYyNTk4NDAwMTc0NWJmNmIiLCJpYXQiOjE2NDY4MDIxNDksImV4cCI6MTY0Njg4ODU0OX0.0LGQDAz_46dsbCpwWd-mlc9smPShXrFJ_X3L4CjVWEE" xmlns="http://eviware.com/soapui/config"/></con:setting></con:settings><con:endpoint>https://ecommerceservice.herokuapp.com</con:endpoint><con:request/><con:originalUri>https://ecommerceservice.herokuapp.com/orders/622776f11fccff0017b3c778</con:originalUri><con:credentials><con:authType>No Authorization</con:authType></con:credentials><con:jmsConfig JMSDeliveryMode="PERSISTENT"/><con:jmsPropertyConfig/><con:parameters/><con:parameterOrder/></con:request></con:method></con:resource></con:interface><con:testSuite id="59ff2863-156d-4bb0-ad9b-79ce9144cfc5" name="Functional testing"><con:settings/><con:runType>SEQUENTIAL</con:runType><con:testCase id="15bc5615-6149-4ace-bd5c-dd76091237bb" failOnError="true" failTestCaseOnErrors="true" keepSession="false" maxResults="0" name="Script Based Execution" searchProperties="true"><con:settings/><con:testStep type="properties" name="Properties" id="ae8f36fb-7025-49e7-988a-773468e759f8"><con:settings/><con:config xsi:type="con:PropertiesStep" saveFirst="true" xmlns:xsi="http://www.w3.org/2001/XMLSchema-instance"><con:properties><con:property><con:name>Email</con:name><con:value>monikaredd27@gmail.com</con:value></con:property><con:property><con:name>Password</con:name><con:value>Sweetie8</con:value></con:property></con:properties></con:config></con:testStep><con:testStep type="restrequest" name="Signup" id="793ea94b-f74d-4233-b390-86caa4eead00"><con:settings/><con:config service="https://ecommerceservice.herokuapp.com" resourcePath="/user/signup" methodName="Signup 1" xsi:type="con:RestRequestStep" xmlns:xsi="http://www.w3.org/2001/XMLSchema-instance"><con:restRequest name="Signup" id="6ca34076-f393-46a7-88e1-153d35c6b8c9" mediaType="application/json" postQueryString="false"><con:settings><con:setting id="com.eviware.soapui.impl.wsdl.WsdlRequest@request-headers">&lt;entry key="Authorization" value="Bearer " xmlns="http://eviware.com/soapui/config"/></con:setting></con:settings><con:endpoint>https://ecommerceservice.herokuapp.com</con:endpoint><con:request>{
	"email":"${Properties#email}",
	"password":"${Properties#password}"
}
</con:request><con:originalUri>https://ecommerceservice.herokuapp.com/user/signup</con:originalUri><con:assertion type="Valid HTTP Status Codes" id="27db8d86-7dde-481e-92cc-9eae8e417ac3" name="Valid HTTP Status Codes"><con:configuration><codes>201</codes></con:configuration></con:assertion><con:credentials><con:authType>No Authorization</con:authType></con:credentials><con:jmsConfig JMSDeliveryMode="PERSISTENT"/><con:jmsPropertyConfig/><con:parameters/></con:restRequest></con:config></con:testStep><con:testStep type="restrequest" name="Login" id="199c7ebc-2d1d-4e92-a2c4-cacbb93ec982"><con:settings/><con:config service="https://ecommerceservice.herokuapp.com" resourcePath="/user/login" methodName="Login 1" xsi:type="con:RestRequestStep" xmlns:xsi="http://www.w3.org/2001/XMLSchema-instance"><con:restRequest name="Login" id="85ff1cd8-91bf-4249-a658-7f616b8ca2db" mediaType="application/json" postQueryString="false"><con:settings><con:setting id="com.eviware.soapui.impl.wsdl.WsdlRequest@request-headers">&lt;entry key="Authorization" value="Bearer eyJhbGciOiJIUzI1NiIsInR5cCI6IkpXVCJ9.eyJfaWQiOiI2MjI3MGMyYTYyNTk4NDAwMTc0NWJmNmIiLCJpYXQiOjE2NDY3MjYzNDEsImV4cCI6MTY0NjgxMjc0MX0.2SsfWCQsfpa0nTXl6bQzT865LDQs7oCTT5jWarQnEfU" xmlns="http://eviware.com/soapui/config"/></con:setting></con:settings><con:endpoint>https://ecommerceservice.herokuapp.com</con:endpoint><con:request>{
	"email":"${Properties#email}",
	"password":"${Properties#password}"
}
</con:request><con:originalUri>https://ecommerceservice.herokuapp.com/user/login</con:originalUri><con:assertion type="Valid HTTP Status Codes" id="217a85c2-8e80-4515-a63e-02f3bf251f7d" name="Valid HTTP Status Codes"><con:configuration><codes>200</codes></con:configuration></con:assertion><con:assertion type="GroovyScriptAssertion" id="8200f730-0a09-4b56-88f1-c13dd70b1119" name="Script Assertion"><con:configuration><scriptText>import groovy.json.JsonSlurper
//we need to store the response
def response = context.testCase.getTestStepByName("Login").getPropertyValue("Response")
//Stripping the response into a json script
def holder = new JsonSlurper().parseText(response)
// getting only the accessToken
def access = holder.accessToken
//storing the token in testsuite
context.testCase.testSuite.setPropertyValue("token","bearer "+access )

context.testCase.testSuite.project.setPropertyValue("token1","bearer "+access )
</scriptText></con:configuration></con:assertion><con:credentials><con:authType>No Authorization</con:authType></con:credentials><con:jmsConfig JMSDeliveryMode="PERSISTENT"/><con:jmsPropertyConfig/><con:parameters/></con:restRequest></con:config></con:testStep><con:testStep type="restrequest" name="Get all user" id="6082d581-e85d-4739-8365-a96483d62dea"><con:settings/><con:config service="https://ecommerceservice.herokuapp.com" resourcePath="/user" methodName="Get user" xsi:type="con:RestRequestStep" xmlns:xsi="http://www.w3.org/2001/XMLSchema-instance"><con:restRequest name="Get all user" id="c46ccb51-3304-4e6e-8b3a-29b333d30004" mediaType="application/json" postQueryString="false"><con:settings><con:setting id="com.eviware.soapui.impl.wsdl.WsdlRequest@request-headers">&lt;entry key="Authorization" value="${#TestSuite#token}" xmlns="http://eviware.com/soapui/config"/></con:setting></con:settings><con:endpoint>https://ecommerceservice.herokuapp.com</con:endpoint><con:request/><con:originalUri>https://ecommerceservice.herokuapp.com/user</con:originalUri><con:assertion type="Valid HTTP Status Codes" id="1b465b25-31a2-4458-a2ba-f6504f423989" name="Valid HTTP Status Codes"><con:configuration><codes>200</codes></con:configuration></con:assertion><con:assertion type="JsonPath Count" id="1b4f34ba-07c3-4391-8aac-c8346eba6c5d" name="JsonPath Count" disabled="true"><con:configuration><path>users</path><content>257</content><allowWildcards>false</allowWildcards><ignoreNamspaceDifferences>false</ignoreNamspaceDifferences><ignoreComments>false</ignoreComments></con:configuration></con:assertion><con:assertion type="JsonPath Existence Match" id="3eb8836a-dbf3-4dc7-beee-5b96b1ce6ede" name="JsonPath Existence Match" disabled="true"><con:configuration><path>users.[245].email</path><content>true</content><allowWildcards>false</allowWildcards><ignoreNamspaceDifferences>false</ignoreNamspaceDifferences><ignoreComments>false</ignoreComments></con:configuration></con:assertion><con:assertion type="JsonPath Match" id="63ddc560-c548-4a7e-bc42-41b24d1379aa" name="JsonPath Match" disabled="true"><con:configuration><path>users[256]._id</path><content>62273351625984001745c1f4</content><allowWildcards>false</allowWildcards><ignoreNamspaceDifferences>false</ignoreNamspaceDifferences><ignoreComments>false</ignoreComments></con:configuration></con:assertion><con:assertion type="GroovyScriptAssertion" id="0d9da90e-31e2-4e3f-bb20-2562119dfc8e" name="Script Assertion"><con:configuration><scriptText>import groovy.json.JsonSlurper
def response = context.testCase.getTestStepByName("Get all user").getPropertyValue("response")
def holder = new JsonSlurper().parseText(response)
def count = holder.count.toInteger()
for(def i=0;i&lt;count;i++)
{
	if(holder.users[i].email=="Shesha858.7@gmail.com")
	{
		def id = holder.users[i]._id
		log.info id
		def id1 = id.toString()
		context.testCase.testSuite.setPropertyValue("id",id1)
	}
}









</scriptText></con:configuration></con:assertion><con:credentials><con:authType>No Authorization</con:authType></con:credentials><con:jmsConfig JMSDeliveryMode="PERSISTENT"/><con:jmsPropertyConfig/><con:parameters/></con:restRequest></con:config></con:testStep><con:testStep type="restrequest" name="Delete by Id" id="c2c43f83-9faa-414f-a469-8b47a6666c46"><con:settings/><con:config service="https://ecommerceservice.herokuapp.com" resourcePath="/user/${#TestSuite#id}" methodName="Delete user by Id" xsi:type="con:RestRequestStep" xmlns:xsi="http://www.w3.org/2001/XMLSchema-instance"><con:restRequest name="Delete by Id" id="06faa34e-75e2-43d3-8930-aba87e45fc11" mediaType="application/json" postQueryString="false"><con:settings><con:setting id="com.eviware.soapui.impl.wsdl.WsdlRequest@request-headers">&lt;entry key="Authorization" value="Bearer eyJhbGciOiJIUzI1NiIsInR5cCI6IkpXVCJ9.eyJfaWQiOiI2MjI3MGMyYTYyNTk4NDAwMTc0NWJmNmIiLCJpYXQiOjE2NDY3MjYzNDEsImV4cCI6MTY0NjgxMjc0MX0.2SsfWCQsfpa0nTXl6bQzT865LDQs7oCTT5jWarQnEfU" xmlns="http://eviware.com/soapui/config"/></con:setting></con:settings><con:endpoint>https://ecommerceservice.herokuapp.com</con:endpoint><con:request/><con:originalUri>https://ecommerceservice.herokuapp.com/62270d74625984001745bf80</con:originalUri><con:assertion type="Valid HTTP Status Codes" id="f2df3f63-89a5-4b6f-9c0c-fcd96e1be6a7" name="Valid HTTP Status Codes"><con:configuration><codes>200</codes></con:configuration></con:assertion><con:assertion type="GroovyScriptAssertion" id="f33e78e8-f225-4f44-b62b-09db90f96d3f" name="Script Assertion"><con:configuration><scriptText>// We need to input the library to read json files
import groovy.json.JsonSlurper
//we need to store the response
def response = context.testCase.getTestStepByName("Get all user").getPropertyValue("Response")
//Stripping the response into a json script
def holder = new JsonSlurper().parseText(response)
// getting only the count
// def count = holder.count
def id = holder.users[200]._id
context.testCase.testSuite.setPropertyValue("id", id)
// holding the count
/*for(def i=0; i&lt; count; i++){
	if(holder.users[i].email == 'sachi@gmail.com'){
		def id = holder.users[i]._id
		log.info id
		def idle = id.toString()
		context.testCase.testSuite.setPropertyValue("id", idle)
	}
}
*/</scriptText></con:configuration></con:assertion><con:credentials><con:authType>No Authorization</con:authType></con:credentials><con:jmsConfig JMSDeliveryMode="PERSISTENT"/><con:jmsPropertyConfig/><con:parameters/><con:parameterOrder/></con:restRequest></con:config></con:testStep><con:properties/></con:testCase><con:properties><con:property><con:name>token</con:name><con:value>bearer eyJhbGciOiJIUzI1NiIsInR5cCI6IkpXVCJ9.eyJfaWQiOiI2MjI3NDY2YzYyNTk4NDAwMTc0NWMyNzUiLCJpYXQiOjE2NDY4MDE2NTgsImV4cCI6MTY0Njg4ODA1OH0.p5amrcS99-tzvl05ylbyNiw52XJ1o7L_3LVaywY7Jx0</con:value></con:property><con:property><con:name>id</con:name><con:value>622732c8625984001745c1e9</con:value></con:property></con:properties></con:testSuite><con:testSuite id="3ce6c0a0-ffc9-4447-acd2-880a54601aa2" name="functionaltesting"><con:settings/><con:runType>SEQUENTIAL</con:runType><con:testCase id="82a186a7-98df-47c3-a0dd-b7c9d2d43b44" failOnError="true" failTestCaseOnErrors="true" keepSession="false" maxResults="0" name="scriptbasedexecution" searchProperties="true"><con:settings/><con:testStep type="properties" name="Properties" id="1949d1e3-8182-469b-8933-cdf82eca7d1f"><con:settings/><con:config xsi:type="con:PropertiesStep" saveFirst="true" xmlns:xsi="http://www.w3.org/2001/XMLSchema-instance"><con:properties><con:property><con:name>Name</con:name><con:value>Iphone</con:value></con:property><con:property><con:name>Price</con:name><con:value>50000</con:value></con:property></con:properties></con:config></con:testStep><con:testStep type="restrequest" name="getallproduct" id="7e54bb50-6206-457a-89c1-c81236cedd5f"><con:settings/><con:config service="https://ecommerceservice.herokuapp.com" resourcePath="/products" methodName="Getallproduct" xsi:type="con:RestRequestStep" xmlns:xsi="http://www.w3.org/2001/XMLSchema-instance"><con:restRequest name="getallproduct" id="5087575a-0907-4ad6-ba12-602dff3f5278" mediaType="application/json"><con:settings><con:setting id="com.eviware.soapui.impl.wsdl.WsdlRequest@request-headers">&lt;entry key="Authorization" value="${#Project#token1}" xmlns="http://eviware.com/soapui/config"/></con:setting></con:settings><con:endpoint>https://ecommerceservice.herokuapp.com</con:endpoint><con:request/><con:originalUri>https://ecommerceservice.herokuapp.com/products</con:originalUri><con:assertion type="Valid HTTP Status Codes" id="6dd60e8c-8e98-493d-a523-2c5e2a2cc563" name="Valid HTTP Status Codes"><con:configuration><codes>200</codes></con:configuration></con:assertion><con:credentials><con:authType>No Authorization</con:authType></con:credentials><con:jmsConfig JMSDeliveryMode="PERSISTENT"/><con:jmsPropertyConfig/><con:parameters/></con:restRequest></con:config></con:testStep><con:testStep type="restrequest" name="create" id="1809b217-dccd-4051-b993-094a2b66da99"><con:settings/><con:config service="https://ecommerceservice.herokuapp.com" resourcePath="/products" methodName="Create product" xsi:type="con:RestRequestStep" xmlns:xsi="http://www.w3.org/2001/XMLSchema-instance"><con:restRequest name="create" id="9619a7cb-6651-4f73-9b98-cfb2b2e41331" mediaType="application/json" postQueryString="false"><con:settings><con:setting id="com.eviware.soapui.impl.wsdl.WsdlRequest@request-headers">&lt;entry key="Authorization" value="bearer eyJhbGciOiJIUzI1NiIsInR5cCI6IkpXVCJ9.eyJfaWQiOiI2MjI3MGMyYTYyNTk4NDAwMTc0NWJmNmIiLCJpYXQiOjE2NDY4MDIxNDksImV4cCI6MTY0Njg4ODU0OX0.0LGQDAz_46dsbCpwWd-mlc9smPShXrFJ_X3L4CjVWEE" xmlns="http://eviware.com/soapui/config"/></con:setting></con:settings><con:endpoint>https://ecommerceservice.herokuapp.com</con:endpoint><con:request>{
	"name":"${Properties#name}",
	"price":"${Properties#price}"
}

</con:request><con:originalUri>https://ecommerceservice.herokuapp.com/products</con:originalUri><con:assertion type="Valid HTTP Status Codes" id="2c36e3bd-695f-462c-9377-5006b13d5693" name="Valid HTTP Status Codes"><con:configuration><codes>200</codes></con:configuration></con:assertion><con:credentials><con:authType>No Authorization</con:authType></con:credentials><con:jmsConfig JMSDeliveryMode="PERSISTENT"/><con:jmsPropertyConfig/><con:parameters/></con:restRequest></con:config></con:testStep><con:testStep type="restrequest" name="update" id="fcfa73ec-ac6b-4421-bf12-1ccf3ff506ac"><con:settings/><con:config service="https://ecommerceservice.herokuapp.com" resourcePath="/products/${#TestSuite#id1}" methodName="Update product by Id" xsi:type="con:RestRequestStep" xmlns:xsi="http://www.w3.org/2001/XMLSchema-instance"><con:restRequest name="update" id="d9ace8f7-9ec1-4a04-991a-25c54f99c58f" mediaType="application/json" postQueryString="false"><con:settings><con:setting id="com.eviware.soapui.impl.wsdl.WsdlRequest@request-headers">&lt;entry key="Authorization" value="Bearer eyJhbGciOiJIUzI1NiIsInR5cCI6IkpXVCJ9.eyJfaWQiOiI2MjI3MGMyYTYyNTk4NDAwMTc0NWJmNmIiLCJpYXQiOjE2NDY4MDIxNDksImV4cCI6MTY0Njg4ODU0OX0.0LGQDAz_46dsbCpwWd-mlc9smPShXrFJ_X3L4CjVWEE" xmlns="http://eviware.com/soapui/config"/></con:setting></con:settings><con:endpoint>https://ecommerceservice.herokuapp.com</con:endpoint><con:request> {
	"name":"${Properties#name}",
	"price":"${Properties#price}"
}
</con:request><con:originalUri>https://ecommerceservice.herokuapp.com/</con:originalUri><con:assertion type="Valid HTTP Status Codes" id="a1384796-04cf-4fec-9621-aab5df637522" name="Valid HTTP Status Codes"><con:configuration><codes>200</codes></con:configuration></con:assertion><con:credentials><con:authType>No Authorization</con:authType></con:credentials><con:jmsConfig JMSDeliveryMode="PERSISTENT"/><con:jmsPropertyConfig/><con:parameters/><con:parameterOrder/></con:restRequest></con:config></con:testStep><con:testStep type="restrequest" name="getproductbyid" id="0f717fc1-2c78-41c0-960e-90e2f574b757"><con:settings/><con:config service="https://ecommerceservice.herokuapp.com" resourcePath="/products/${#TestSuite#id}" methodName="Get product by Id" xsi:type="con:RestRequestStep" xmlns:xsi="http://www.w3.org/2001/XMLSchema-instance"><con:restRequest name="getproductbyid" id="919d5804-8d4d-4ef5-8b3b-3e5993845c24" mediaType="application/json"><con:settings><con:setting id="com.eviware.soapui.impl.wsdl.WsdlRequest@request-headers">&lt;entry key="Authorization" value="${#Project#token1}" xmlns="http://eviware.com/soapui/config"/></con:setting></con:settings><con:endpoint>https://ecommerceservice.herokuapp.com</con:endpoint><con:request/><con:originalUri>https://ecommerceservice.herokuapp.com/</con:originalUri><con:assertion type="Valid HTTP Status Codes" id="7aa0a785-c158-4f15-8401-77d58773628b" name="Valid HTTP Status Codes"><con:configuration><codes>200</codes></con:configuration></con:assertion><con:credentials><con:authType>No Authorization</con:authType></con:credentials><con:jmsConfig JMSDeliveryMode="PERSISTENT"/><con:jmsPropertyConfig/><con:parameters/><con:parameterOrder/></con:restRequest></con:config></con:testStep><con:testStep type="restrequest" name="Delete the product" id="44aef99d-d8dc-4e07-8e0c-dc3e6c8f2250"><con:settings/><con:config service="https://ecommerceservice.herokuapp.com" resourcePath="/products/${#TestSuite#id1}" methodName="Delete the product" xsi:type="con:RestRequestStep" xmlns:xsi="http://www.w3.org/2001/XMLSchema-instance"><con:restRequest name="Delete the product" id="bc51606c-5581-49d4-ae63-459c585fec22" mediaType="application/json" postQueryString="false"><con:settings><con:setting id="com.eviware.soapui.impl.wsdl.WsdlRequest@request-headers">&lt;entry key="Authorization" value="Bearer eyJhbGciOiJIUzI1NiIsInR5cCI6IkpXVCJ9.eyJfaWQiOiI2MjI3MGMyYTYyNTk4NDAwMTc0NWJmNmIiLCJpYXQiOjE2NDY4MDIxNDksImV4cCI6MTY0Njg4ODU0OX0.0LGQDAz_46dsbCpwWd-mlc9smPShXrFJ_X3L4CjVWEE" xmlns="http://eviware.com/soapui/config"/></con:setting></con:settings><con:endpoint>https://ecommerceservice.herokuapp.com</con:endpoint><con:request/><con:originalUri>https://ecommerceservice.herokuapp.com/products/6227a9741fccff0017b3c816</con:originalUri><con:assertion type="GroovyScriptAssertion" id="3193d674-1edb-4a69-8515-0a33f7f34769" name="Script Assertion"><con:configuration><scriptText>// We need to input the library to read json files
import groovy.json.JsonSlurper
//we need to store the response
def response = context.testCase.getTestStepByName("getallproduct").getPropertyValue("Response")
//Stripping the response into a json script
def holder = new JsonSlurper().parseText(response)
// getting only the count
// def count = holder.count
def id = holder.products[200]._id
context.testCase.testSuite.setPropertyValue("id1", id)
// holding the count
/*for(def i=0; i&lt; count; i++){
	if(holder.products[i].name == 'Iphone'){
		def id = holder.products[i]._id
		log.info id
		def idle = id.toString()
		context.testCase.testSuite.setPropertyValue("id", idle)
	}
}
*/</scriptText></con:configuration></con:assertion><con:credentials><con:authType>No Authorization</con:authType></con:credentials><con:jmsConfig JMSDeliveryMode="PERSISTENT"/><con:jmsPropertyConfig/><con:parameters/><con:parameterOrder/></con:restRequest></con:config></con:testStep><con:properties/></con:testCase><con:properties><con:property><con:name>token</con:name><con:value>bearer null</con:value></con:property><con:property><con:name>id</con:name><con:value>62284852d7cea500172f1256</con:value></con:property><con:property><con:name>id1</con:name><con:value>6228443bd7cea500172f1225</con:value></con:property></con:properties></con:testSuite><con:testSuite id="93c11907-8e0c-4ab8-80be-e4e173999a46" name="functional_testing"><con:settings/><con:runType>SEQUENTIAL</con:runType><con:testCase id="6796efc2-d49e-4c5f-9a36-d5cc48ff5f92" failOnError="true" failTestCaseOnErrors="true" keepSession="false" maxResults="0" name="Script_base_execution" searchProperties="true"><con:settings/><con:testStep type="properties" name="Properties" id="cc26cb54-94e1-454a-821f-b247e0161151"><con:settings/><con:config xsi:type="con:PropertiesStep" saveFirst="true" xmlns:xsi="http://www.w3.org/2001/XMLSchema-instance"><con:properties><con:property><con:name>product</con:name><con:value>62283cf0d7cea500172f11d6</con:value></con:property><con:property><con:name>quantity</con:name><con:value>20</con:value></con:property></con:properties></con:config></con:testStep><con:testStep type="restrequest" name="Get all orders" id="71dde76e-6b74-41a3-8f45-ee111ca51982"><con:settings/><con:config service="https://ecommerceservice.herokuapp.com" resourcePath="/orders" methodName="Get all orders" xsi:type="con:RestRequestStep" xmlns:xsi="http://www.w3.org/2001/XMLSchema-instance"><con:restRequest name="Get all orders" id="0ae5746b-f2ce-4131-bdd5-af8c7cfbfd6f" mediaType="application/json"><con:settings><con:setting id="com.eviware.soapui.impl.wsdl.WsdlRequest@request-headers">&lt;entry key="Authorization" value="Bearer eyJhbGciOiJIUzI1NiIsInR5cCI6IkpXVCJ9.eyJfaWQiOiI2MjI3MGMyYTYyNTk4NDAwMTc0NWJmNmIiLCJpYXQiOjE2NDY4MDIxNDksImV4cCI6MTY0Njg4ODU0OX0.0LGQDAz_46dsbCpwWd-mlc9smPShXrFJ_X3L4CjVWEE" xmlns="http://eviware.com/soapui/config"/></con:setting></con:settings><con:endpoint>https://ecommerceservice.herokuapp.com</con:endpoint><con:request/><con:originalUri>https://ecommerceservice.herokuapp.com/orders</con:originalUri><con:assertion type="Valid HTTP Status Codes" id="d7e1d1ad-f2d0-425c-8cd7-fe6e2370d246" name="Valid HTTP Status Codes"><con:configuration><codes>200</codes></con:configuration></con:assertion><con:credentials><con:authType>No Authorization</con:authType></con:credentials><con:jmsConfig JMSDeliveryMode="PERSISTENT"/><con:jmsPropertyConfig/><con:parameters/></con:restRequest></con:config></con:testStep><con:testStep type="restrequest" name="create orders" id="209637c0-8516-4eae-aeeb-f4d54b804a94"><con:settings/><con:config service="https://ecommerceservice.herokuapp.com" resourcePath="/orders" methodName="Create orders" xsi:type="con:RestRequestStep" xmlns:xsi="http://www.w3.org/2001/XMLSchema-instance"><con:restRequest name="create orders" id="128b7255-d81f-4bda-b87b-f600e01ae0c2" mediaType="application/json" postQueryString="false"><con:settings><con:setting id="com.eviware.soapui.impl.wsdl.WsdlRequest@request-headers">&lt;entry key="Authorization" value="Bearer eyJhbGciOiJIUzI1NiIsInR5cCI6IkpXVCJ9.eyJfaWQiOiI2MjI3MGMyYTYyNTk4NDAwMTc0NWJmNmIiLCJpYXQiOjE2NDY4MDIxNDksImV4cCI6MTY0Njg4ODU0OX0.0LGQDAz_46dsbCpwWd-mlc9smPShXrFJ_X3L4CjVWEE" xmlns="http://eviware.com/soapui/config"/></con:setting></con:settings><con:endpoint>https://ecommerceservice.herokuapp.com</con:endpoint><con:request>{
	"product":"${Properties#product}",
	"quantity":"${Properties#quantity}"
}


</con:request><con:originalUri>https://ecommerceservice.herokuapp.com/orders</con:originalUri><con:assertion type="Valid HTTP Status Codes" id="d3236df3-50ac-48b8-bcde-dbcecbdac0f4" name="Valid HTTP Status Codes"><con:configuration><codes>201</codes></con:configuration></con:assertion><con:credentials><con:authType>No Authorization</con:authType></con:credentials><con:jmsConfig JMSDeliveryMode="PERSISTENT"/><con:jmsPropertyConfig/><con:parameters/></con:restRequest></con:config></con:testStep><con:testStep type="restrequest" name="Get order by id" id="9ab58cd2-ea0e-424b-adbf-32433ed01a7e"><con:settings/><con:config service="https://ecommerceservice.herokuapp.com" resourcePath="/orders/${#TestSuite#id2}" methodName="getorderbyid" xsi:type="con:RestRequestStep" xmlns:xsi="http://www.w3.org/2001/XMLSchema-instance"><con:restRequest name="Get order by id" id="80dcea17-280b-461c-922d-b324a0a8fc7d" mediaType="application/json"><con:settings><con:setting id="com.eviware.soapui.impl.wsdl.WsdlRequest@request-headers">&lt;entry key="Authorization" value="${#Project#token1}" xmlns="http://eviware.com/soapui/config"/></con:setting></con:settings><con:endpoint>https://ecommerceservice.herokuapp.com</con:endpoint><con:request/><con:originalUri>https://ecommerceservice.herokuapp.com/</con:originalUri><con:assertion type="Valid HTTP Status Codes" id="4f5b57a2-072a-4b61-b9ba-2bd26e3e5bde" name="Valid HTTP Status Codes"><con:configuration><codes>201</codes></con:configuration></con:assertion><con:credentials><con:authType>No Authorization</con:authType></con:credentials><con:jmsConfig JMSDeliveryMode="PERSISTENT"/><con:jmsPropertyConfig/><con:parameters/><con:parameterOrder/></con:restRequest></con:config></con:testStep><con:testStep type="restrequest" name="Update order by Id" id="c71c491d-50b9-46b1-9b19-e66551f8934e"><con:settings/><con:config service="https://ecommerceservice.herokuapp.com" resourcePath="/orders/${#TestSuite#id2}" methodName="update order by id" xsi:type="con:RestRequestStep" xmlns:xsi="http://www.w3.org/2001/XMLSchema-instance"><con:restRequest name="Update order by Id" id="115812aa-d656-4186-ad7a-b369dc5518e0" mediaType="application/json" postQueryString="false"><con:settings><con:setting id="com.eviware.soapui.impl.wsdl.WsdlRequest@request-headers">&lt;entry key="Authorization" value="${#Project#token1}" xmlns="http://eviware.com/soapui/config"/></con:setting></con:settings><con:endpoint>https://ecommerceservice.herokuapp.com</con:endpoint><con:request> {
	"product":"${Properties#product}",
	"quantity":"${Properties#quantity}"
}</con:request><con:originalUri>https://ecommerceservice.herokuapp.com/</con:originalUri><con:assertion type="Valid HTTP Status Codes" id="0f86154c-1820-43d3-85b2-020fa3f807d4" name="Valid HTTP Status Codes"><con:configuration><codes>200</codes></con:configuration></con:assertion><con:credentials><con:authType>No Authorization</con:authType></con:credentials><con:jmsConfig JMSDeliveryMode="PERSISTENT"/><con:jmsPropertyConfig/><con:parameters/><con:parameterOrder/></con:restRequest></con:config></con:testStep><con:testStep type="restrequest" name="Delete order by Id" id="3b794972-2cea-46a0-8550-330be85a397f"><con:settings/><con:config service="https://ecommerceservice.herokuapp.com" resourcePath="/orders/${#TestSuite#id2}" methodName="Delete id" xsi:type="con:RestRequestStep" xmlns:xsi="http://www.w3.org/2001/XMLSchema-instance"><con:restRequest name="Delete order by Id" id="8151c9a5-5312-4efa-ae3a-7d38d364dd8b" mediaType="application/json" postQueryString="false"><con:settings><con:setting id="com.eviware.soapui.impl.wsdl.WsdlRequest@request-headers">&lt;entry key="Authorization" value="Bearer eyJhbGciOiJIUzI1NiIsInR5cCI6IkpXVCJ9.eyJfaWQiOiI2MjI3MGMyYTYyNTk4NDAwMTc0NWJmNmIiLCJpYXQiOjE2NDY4MDIxNDksImV4cCI6MTY0Njg4ODU0OX0.0LGQDAz_46dsbCpwWd-mlc9smPShXrFJ_X3L4CjVWEE" xmlns="http://eviware.com/soapui/config"/></con:setting></con:settings><con:endpoint>https://ecommerceservice.herokuapp.com</con:endpoint><con:request/><con:originalUri>https://ecommerceservice.herokuapp.com/orders/622776f11fccff0017b3c778</con:originalUri><con:assertion type="GroovyScriptAssertion" id="afa30306-8167-497c-9783-3ceff39b46c1" name="Script Assertion"><con:configuration><scriptText>// We need to input the library to read json files
import groovy.json.JsonSlurper
//we need to store the response
def response = context.testCase.getTestStepByName("Get all orders").getPropertyValue("Response")
//Stripping the response into a json script
def holder = new JsonSlurper().parseText(response)
// getting only the count
// def count = holder.count
def id = holder.orders[200]._id
context.testCase.testSuite.setPropertyValue("id2", id)
// holding the count
/*for(def i=0; i&lt; count; i++){
	if(holder.products[i].name == 'Iphone'){
		def id = holder.products[i]._id
		log.info id
		def idle = id.toString()
		context.testCase.testSuite.setPropertyValue("id", idle)
	}
}
*/</scriptText></con:configuration></con:assertion><con:credentials><con:authType>No Authorization</con:authType></con:credentials><con:jmsConfig JMSDeliveryMode="PERSISTENT"/><con:jmsPropertyConfig/><con:parameters/><con:parameterOrder/></con:restRequest></con:config></con:testStep><con:properties/></con:testCase><con:properties><con:property><con:name>id2</con:name><con:value>62288a4ad7cea500172f1462</con:value></con:property></con:properties></con:testSuite><con:properties><con:property><con:name>token1</con:name><con:value>bearer eyJhbGciOiJIUzI1NiIsInR5cCI6IkpXVCJ9.eyJfaWQiOiI2MjI3NDY2YzYyNTk4NDAwMTc0NWMyNzUiLCJpYXQiOjE2NDY4MDE2NTgsImV4cCI6MTY0Njg4ODA1OH0.p5amrcS99-tzvl05ylbyNiw52XJ1o7L_3LVaywY7Jx0</con:value></con:property></con:properties><con:wssContainer/><con:oAuth2ProfileContainer/><con:oAuth1ProfileContainer/><con:sensitiveInformation/></con:soapui-project>